Workbook

Sheet Tên_nhóm
B1: ĐÁNH GIÁ MỨC ĐỘ ĐÓNG GÓP CỦA TỪNG THÀNH VIÊN
B2: STT | C2: Nhiệm vụ/ Tiêu chí | D2: Trọng số (%) | E2: Đánh giá kết quả thực hiện
E3: Trần Đức Cơ | G3: Trần Thị Thùy Linh | I3: Nguyễn Hương Giang | K3: Trịnh Ngọc Toàn | M3: Đặng Văn Hùng
E4: 24174600072 | G4: 24174600088 | I4: 24174600081 | K4: 24174600119 | M4: 24174600113
E5: (Nhóm trưởng) | G5: (Thành viên) | I5: (Thành viên) | K5: (Thành viên) | M5: (Thành viên) | P5: Thang điểm đánh giá
E6: Điểm | F6: Tổng | H6: Tổng | I6: Điểm | J6: Tổng | K6: Điểm | L6: Tổng | M6: Điểm | N6: Tổng | P6: 1 | Q6: Không có đóng góp/ không tham gia
B7: 1 | C7: Thời gian tham gia họp nhóm (*) | D7: 15 | E7: 5 | F7: =E7*$D7/100 -> 0.75 | G7: 5 | H7: =G7*$D7/100 -> 0.75 | I7: 5 | J7: =I7*$D7/100 -> 0.75 | K7: 5 | L7: =K7*$D7/100 -> 0.75 | M7: 5 | N7: =M7*$D7/100 -> 0.75 | P7: 2 | Q7: Sẵn sàng làm việc nhưng không thành công lắm
B8: 2 | C8: Thái độ tham gia | D8: 15 | E8: 5 | F8: =E8*$D8/100 -> 0.75 | G8: 5 | H8: =G8*$D8/100 -> 0.75 | I8: 5 | J8: =I8*$D8/100 -> 0.75 | K8: 5 | L8: =K8*$D8/100 -> 0.75 | M8: 5 | N8: =M8*$D8/100 -> 0.75 | P8: 3 | Q8: Trung bình
B9: 3 | C9: Ý kiến đóng góp | D9: 20 | E9: 5 | F9: =E9*$D9/100 -> 1 | G9: 4 | H9: =G9*$D9/100 -> 0.8 | I9: 4.5 | J9: =I9*$D9/100 -> 0.9 | K9: 4 | L9: =K9*$D9/100 -> 0.8 | M9: 3.5 | N9: =M9*$D9/100 -> 0.7 | P9: 4 | Q9: Khá
B10: 4 | C10: Thời gian giao nộp sản phẩm | D10: 20 | E10: 5 | F10: =E10*$D10/100 -> 1 | G10: 3.5 | H10: =G10*$D10/100 -> 0.7 | I10: 4 | J10: =I10*$D10/100 -> 0.8 | K10: 4 | L10: =K10*$D10/100 -> 0.8 | M10: 4.5 | N10: =M10*$D10/100 -> 0.9 | P10: 5 | Q10: Xuất sắc
B11: 5 | C11: Chất lượng sản phẩm giao nộp | D11: 30 | E11: 5 | F11: =E11*$D11/100 -> 1.5 | G11: 5 | H11: =G11*$D11/100 -> 1.5 | I11: 3.5 | J11: =I11*$D11/100 -> 1.05 | K11: 4.5 | L11: =K11*$D11/100 -> 1.35 | M11: 3 | N11: =M11*$D11/100 -> 0.9
B12: Tổng điểm | E12: =SUM(F7:F11) -> 5 | G12: =SUM(H7:H11) -> 4.5 | I12: =SUM(J7:J11) -> 4.25 | K12: =SUM(L7:L11) -> 4.45 | M12: =SUM(N7:N11) -> 4
B13: Quy điểm 10 | E13: =ROUND(E12*2,1) -> 10 | G13: =ROUND(G12*2,1) -> 9 | I13: =ROUND(I12*2,1) -> 8.5 | K13: =ROUND(K12*2,1) -> 8.9 | M13: =ROUND(M12*2,1) -> 8
B14: Ký tên vào ô tương ứng với tên của mình
C15: (*) chia đều cho số lần họp nhóm
C16: SV vắng buổi họp đánh giá của nhóm xem như không có ý kiến về kết quả đánh giá.

Sheet Sheet1
F1: 0-1 | G1: 0-1 | H1: 1-5 | I1: 1-5
A2: STT | B2: Họ và tên | C2: Mã SV | D2: Vai trò | E2: Tự đánh giá | F2: Có mặt | G2: Thuyết trình | H2: Kiến thức | I2: Rõ ràng
A3: 1 | B3: =Tên_nhóm!E3 -> Trần Đức Cơ | C3: =Tên_nhóm!E4 -> 24174600072 | D3: Trưởng nhóm | E3: =Tên_nhóm!E13 -> 10 | F3: 1 | G3: 1 | H3: 5 | I3: 5
A4: 2 | B4: =Tên_nhóm!G3 -> Trần Thị Thùy Linh | C4: =Tên_nhóm!E4 -> 24174600072 | D4: Thành viên | E4: =Tên_nhóm!G13 -> 9 | F4: 1 | G4: 1 | H4: 4.5 | I4: 5
A5: 3 | B5: =Tên_nhóm!I3 -> Nguyễn Hương Giang | C5: =Tên_nhóm!I4 -> 24174600081 | E5: =Tên_nhóm!I13 -> 8.5 | F5: 1 | G5: 1 | H5: 4 | I5: 5
A6: 4 | B6: =Tên_nhóm!K3 -> Trịnh Ngọc Toàn | C6: =Tên_nhóm!K4 -> 24174600119 | E6: =Tên_nhóm!K13 -> 8.9 | F6: 1 | G6: 1 | H6: 4.5 | I6: 5
A7: 5 | B7: =Tên_nhóm!M3 -> Đặng Văn Hùng | C7: =Tên_nhóm!M4 -> 24174600113 | E7: =Tên_nhóm!M13 -> 8 | F7: 1 | G7: 1 | H7: 4 | I7: 5
